/*
 * ЗАПОЛНЕНИЕ НАЧАЛЬНЫМИ ДАННЫМИ  
 */

use delivery;

INSERT INTO occupations (occupation_id, name) VALUES 
(1, 'бригадир'),
(2, 'водитель'),
(3, 'механик');

INSERT INTO employees (last_name, first_name, middle_name, birth_date, passport, hire_date, fire_date, occupation_id) VALUES 
('Иванов', 'Алексей', 'Александрович', '1970-05-12', '3852 312987', '2019-03-15', NULL, 1),
('Петров', 'Олег', 'Сергеевич', '1985-07-20', '2192 943843', '2019-02-05', NULL, 2),
('Сидоров', 'Иван', 'Алексеевич', '1992-11-03', '8359 828383', '2019-04-01', NULL, 2),
('Смирнов', 'Михаил', 'Петрович', '1971-06-17', '4092 021023', '2019-05-10', NULL, 3),
('Алексеев', 'Евгений', 'Викторович', '1975-02-22', '9642 049873', '2019-02-18', NULL, 2),
('Борисов', 'Александр', 'Алексеевич', '1998-01-06', '2334 233444', '2019-03-15', NULL, 2),
('Михайлов', 'Сергей', 'Степанович', '1995-04-30', '5721 432234', '2019-02-06', NULL, 1),
('Андреев', 'Степан', 'Иванович', '1984-08-15', '3012 123455', '2019-03-17', NULL, 3);

INSERT INTO cars (reg_num, mark, capacity) VALUES 
('B324XB 78', 'Ford Transit', 1000),
('C365BO 78', 'Renault Kangoo', 300),
('K656HB 178', 'Ford Fiesta', 100),
('B902TT 178', 'Ford F-Max', 10000);


INSERT INTO categories (category_id, name, description) VALUES 
(1, 'Курьер', 'Фиксированная стоимость в пределах города <30 км и ставка от расстояния за пределами'),
(2, 'Дальнобой', 'Чем дальше везти, тем выгоднее ставка (зависит от растояния)' ),
(3, 'Универсальный', 'Одна ставка за км вне зависимости от дальности и веса'),
(4, 'Фиксированный', 'Фиксированная сумма за доставку в пределах зоны вне зависимости от расстояния');


INSERT INTO rates (category_id, rate_dist, is_fixed, value) VALUES 
(1, 0, 1, 200),
(1, 30, 0, 10),
(2, 0, 1, 1000),
(2, 30, 0, 30),
(2, 100, 0, 20),
(3, 0, 0, 30),
(4, 0, 1, 500),
(4, 30, 1, 2000),
(4, 100, 1, 10000),
(4, 1000, 1, 20000),
(4, 3000, 1, 50000),
(1, 5000, 1, 100000);


INSERT INTO customers (type_of_own, name, inn, category_id ) VALUES 
('ООО', 'Семеныч-строиматериалы', 7846735353, 2),
('ООО', 'Шустрые ноги', 780586746, 1),
('ПАО', 'Большая и богатая компания', 7800328464, 3),
('ООО', 'ТД Все сразу', 7812923934, 4),
('ИП', 'Птичкин М.М.', 7804034984, 1),
('ООО', 'Заберем ненужное', 7825327441, 2);


